comparison,family,region,bin,n,base_mean,other_mean,delta,ci_lo,ci_hi,effect_size,p_raw,q_pooled,q_perrq
RQ2 (size-conditioned text),RQ2,ET,small,21,0.009954052583732463,0.00786964624538721,-0.0020844063383452533,-0.003558278673694477,-0.0008310912396203327,-0.6277056277056277,0.010125160217285156,0.013526581227779388,0.015187740325927734
RQ2 (size-conditioned text),RQ2,ET,medium,23,0.03742924981534332,0.03777641162374965,0.00034716180840633354,-0.00898827832878187,0.013719813855680312,-0.2898550724637681,0.23447084426879883,0.2570161177561834,0.23447084426879883
RQ2 (size-conditioned text),RQ2,ET,large,23,0.14884564587032542,0.19126425448896683,0.04241860861864141,0.02448063475301003,0.06342544210825002,0.8985507246376812,2.6226043701171875e-05,5.130553513430477e-05,5.900859832763672e-05
RQ2 (size-conditioned text),RQ2,TC,small,27,0.019182928141719627,0.026888112561011913,0.007705184419292285,0.005144363138359099,0.010511151217062776,0.9788359788359788,1.043081283569336e-07,1.2740492820739746e-06,9.387731552124023e-07
RQ2 (size-conditioned text),RQ2,TC,medium,23,0.05895893056056275,0.09500307493259753,0.036044144372034785,0.02134514971060442,0.053327006989964,0.9927536231884058,4.76837158203125e-07,2.1457672119140625e-06,1.430511474609375e-06
RQ2 (size-conditioned text),RQ2,TC,large,23,0.1755513767356842,0.25217629813355913,0.07662492139787494,0.058411938766004735,0.09813520571016851,1.0,2.384185791015625e-07,1.2740492820739746e-06,1.0728836059570312e-06
RQ2 (size-conditioned text),RQ2,WT,small,32,0.05682907016139984,0.05937866000401622,0.0025495898426163774,0.0001720227787711553,0.004810545413278704,0.49193548387096775,0.01681269277126942,0.021455003461843813,0.021616319277346398
RQ2 (size-conditioned text),RQ2,WT,medium,21,0.13671154759037568,0.1465829295021171,0.009871381911741417,-0.0009689663489479833,0.021225153881418605,0.48917748917748916,0.05019187927246094,0.05878637914788233,0.056465864181518555
RQ2 (size-conditioned text),RQ2,WT,large,20,0.2808702663321127,0.3214895187243128,0.0406192523922001,0.016976312128718966,0.06670997704572684,0.7047619047619048,0.0042209625244140625,0.005965161914667807,0.007597732543945313
RQ3 (multi-scale ensemble),RQ3,ET,small,21,0.009954052583732463,0.008879334048907063,-0.0010747185348253998,-0.0025913612804096364,0.00026281387298827003,-0.20346320346320346,0.4319114685058594,0.4531095773895825,0.4319114685058594
RQ3 (multi-scale ensemble),RQ3,ET,medium,23,0.03742924981534332,0.026169648898248746,-0.011259600917094572,-0.0166702073135728,-0.0063586169187177305,-0.8405797101449275,0.0001277923583984375,0.00021216012899158068,0.0002177556355794271
RQ3 (multi-scale ensemble),RQ3,ET,large,23,0.14884564587032542,0.11893194731275272,-0.0299136985575727,-0.05186381680856641,-0.010146457129236381,-0.5652173913043478,0.016311168670654297,0.020971502576555525,0.019837907842687658
RQ3 (multi-scale ensemble),RQ3,TC,small,27,0.019182928141719627,0.019316968352702562,0.00013404021098293445,-0.002827760034561185,0.0027771297765855265,0.19047619047619047,0.39974282681941986,0.421950761642721,0.40882789106531575
RQ3 (multi-scale ensemble),RQ3,TC,medium,23,0.05895893056056275,0.05004705593014793,-0.008911874630414818,-0.018211152577767398,-0.0005158791774439463,-0.37681159420289856,0.11864614486694336,0.13425958156585693,0.1241645702095919
RQ3 (multi-scale ensemble),RQ3,TC,large,23,0.1755513767356842,0.1347211702382292,-0.040830206497455,-0.06675747538623648,-0.015053814442880396,-0.5797101449275363,0.013528585433959961,0.01765945121532178,0.01691073179244995
RQ3 (multi-scale ensemble),RQ3,WT,small,32,0.05682907016139984,0.06405710560085334,0.007228035439453502,0.0011328352954922054,0.013217824854773498,0.4318181818181818,0.03248823946341872,0.03996754639024893,0.038472915154048486
RQ3 (multi-scale ensemble),RQ3,WT,medium,21,0.13671154759037568,0.09883805815109953,-0.03787348943927615,-0.05450610370555806,-0.019818905436048934,-0.7662337662337663,0.0011758804321289062,0.0017484830773395043,0.0017069232079290576
RQ3 (multi-scale ensemble),RQ3,WT,large,20,0.2808702663321127,0.19875852149919038,-0.08211174483292233,-0.12660708255673883,-0.03616060363342963,-0.6761904761904762,0.006389617919921875,0.008883127352086509,0.008713115345348011
RQ3b (16^3 window),RQ3,ET,small,21,0.009954052583732463,0.011054205875517685,0.0011001532917852223,-7.249432464224989e-05,0.002223146204948735,0.5151515151515151,0.038437843322753906,0.046287825409795195,0.043242573738098145
RQ3b (16^3 window),RQ3,ET,medium,23,0.03742924981534332,0.03931280650418303,0.001883556688839709,-0.0035748105008897705,0.0060899581040622305,0.4927536231884058,0.03838014602661133,0.046287825409795195,0.043242573738098145
RQ3b (16^3 window),RQ3,ET,large,23,0.14884564587032542,0.16018128951233745,0.011335643642012033,-0.0005283848081354439,0.02338302517377466,0.47101449275362317,0.04844093322753906,0.05712689366833917,0.051900999886648994
RQ3b (16^3 window),RQ3,TC,small,27,0.019182928141719627,0.02298325803296381,0.003800329891244184,0.002254634112628434,0.005421363696257208,0.8571428571428571,1.8790364265441895e-05,3.966854678259956e-05,4.227831959724426e-05
RQ3b (16^3 window),RQ3,TC,medium,23,0.05895893056056275,0.06883202594953781,0.009873095388975066,0.006136564260649223,0.013534193077451248,0.9057971014492754,2.09808349609375e-05,4.2710985456194195e-05,4.495893205915178e-05
RQ3b (16^3 window),RQ3,TC,large,23,0.1755513767356842,0.19821274160543914,0.022661364869754952,0.00917338573066255,0.03544615942530162,0.6811594202898551,0.003070831298828125,0.004412707160500919,0.004318356513977051
RQ3b (16^3 window),RQ3,WT,small,32,0.05682907016139984,0.07191406420122365,0.015084994039823808,0.011889154542008578,0.018451209169712324,1.0,4.656612873077393e-10,1.137544001851763e-08,5.238689482212067e-09
RQ3b (16^3 window),RQ3,WT,medium,21,0.13671154759037568,0.15546864558603532,0.01875709799565964,0.012059417523189085,0.02558378349518671,0.9047619047619048,5.245208740234375e-05,9.541815899788064e-05,0.00010262364926545517
RQ3b (16^3 window),RQ3,WT,large,20,0.2808702663321127,0.34310300444158115,0.062232738109468444,0.04572407485005636,0.07918452314082153,0.9904761904761905,3.814697265625e-06,9.883533824573863e-06,1.1444091796875e-05
RQ3c (12^3 window),RQ3,ET,small,21,0.009954052583732463,0.01155033386410338,0.0015962812803709172,0.000454752616081421,0.0027876875244794816,0.6190476190476191,0.011346817016601562,0.014925428537222056,0.014588764735630581
RQ3c (12^3 window),RQ3,ET,medium,23,0.03742924981534332,0.04023909647929387,0.002809846663950552,-0.00304343573615531,0.007224743548466758,0.6159420289855072,0.008262157440185547,0.01130263137817383,0.010935208376716165
RQ3c (12^3 window),RQ3,ET,large,23,0.14884564587032542,0.16138867401427232,0.012543028143946894,0.0014426533110767023,0.023676333495281022,0.4855072463768116,0.04152512550354004,0.049655919308429,0.04557635725998297
RQ3c (12^3 window),RQ3,TC,small,27,0.019182928141719627,0.023472645249444243,0.004289717107724616,0.0026342142711238735,0.006089974643554087,0.8941798941798942,5.5283308029174805e-06,1.3504922389984132e-05,1.5548430383205414e-05
RQ3c (12^3 window),RQ3,TC,medium,23,0.05895893056056275,0.0717462465743112,0.012787316013748447,0.008585836528371651,0.016955769196762126,0.9130434782608695,1.6689300537109375e-05,3.612494166893295e-05,3.952729074578536e-05
RQ3c (12^3 window),RQ3,TC,large,23,0.1755513767356842,0.20800771089255962,0.03245633415687543,0.01842058280934922,0.0466012787470435,0.8115942028985508,0.00025343894958496094,0.0003939823670820756,0.0003932673355628704
RQ3c (12^3 window),RQ3,WT,small,32,0.05682907016139984,0.07339876950239993,0.01656969934100009,0.012674714950903688,0.020846841019451945,1.0,4.656612873077393e-10,1.137544001851763e-08,5.238689482212067e-09
RQ3c (12^3 window),RQ3,WT,medium,21,0.13671154759037568,0.16182626364111716,0.025114716050741476,0.017571861958386645,0.03298007307912208,0.948051948051948,1.33514404296875e-05,2.9650601473721593e-05,3.337860107421875e-05
RQ3c (12^3 window),RQ3,WT,large,20,0.2808702663321127,0.36024698264670807,0.07937671631459536,0.05723332157186204,0.1012798064348568,0.9714285714285714,9.5367431640625e-06,2.1743774414062497e-05,2.524432014016544e-05
RQ3c (8^3 window),RQ3,ET,small,21,0.009954052583732463,0.013251149467249293,0.0032970968835168302,0.0016244080341267912,0.004946834343264654,0.8095238095238095,0.0005102157592773438,0.0007789901324680873,0.0007653236389160156
RQ3c (8^3 window),RQ3,ET,medium,23,0.03742924981534332,0.048872714460127,0.011443464644783678,0.005567050405012882,0.01679100664691966,0.8405797101449275,0.0001277923583984375,0.00021216012899158068,0.0002177556355794271
RQ3c (8^3 window),RQ3,ET,large,23,0.14884564587032542,0.17733697487401787,0.028491329003692445,0.018166422913980365,0.0383728045309542,0.8768115942028986,4.935264587402344e-05,9.074518757481729e-05,0.00010094859383322975
RQ3c (8^3 window),RQ3,TC,small,27,0.019182928141719627,0.028633164618856673,0.009450236477137046,0.006900917942832803,0.012044499724878838,1.0,1.4901161193847656e-08,1.9600758185753455e-07,1.1175870895385742e-07
RQ3c (8^3 window),RQ3,TC,medium,23,0.05895893056056275,0.09127124862844459,0.03231231806788184,0.026074710016021373,0.03884597137660536,1.0,2.384185791015625e-07,1.2740492820739746e-06,1.341104507446289e-06
RQ3c (8^3 window),RQ3,TC,large,23,0.1755513767356842,0.24162843865507524,0.06607706191939106,0.05063605939410913,0.08236468252002371,0.9927536231884058,4.76837158203125e-07,2.1457672119140625e-06,2.1457672119140625e-06
RQ3c (8^3 window),RQ3,WT,small,32,0.05682907016139984,0.09477541078118122,0.03794634061978138,0.031301540525645315,0.0451725433572138,1.0,4.656612873077393e-10,1.137544001851763e-08,5.238689482212067e-09
RQ3c (8^3 window),RQ3,WT,medium,21,0.13671154759037568,0.21476412308661907,0.07805257549624339,0.0671952134540393,0.0897060360757504,1.0,9.5367431640625e-07,3.261566162109375e-06,3.5762786865234375e-06
RQ3c (8^3 window),RQ3,WT,large,20,0.2808702663321127,0.4261780591587313,0.1453077928266186,0.12140821597081684,0.168669637874813,1.0,1.9073486328125e-06,5.177089146205357e-06,6.130763462611607e-06
RQ3c (6^3 window),RQ3,ET,small,21,0.009954052583732463,0.013164796174707494,0.0032107435909750313,0.0018773992229180606,0.004589742278752589,0.8701298701298701,0.00013065338134765625,0.00021482430971585787,0.0002177556355794271
RQ3c (6^3 window),RQ3,ET,medium,23,0.03742924981534332,0.04768855349316167,0.010259303677818354,0.0042734583736647146,0.015212743314441427,0.8333333333333334,0.000152587890625,0.00024850027901785713,0.0002452305385044643
RQ3c (6^3 window),RQ3,ET,large,23,0.14884564587032542,0.17716197221176608,0.028316326341440656,0.017694250347011914,0.038471379894669436,0.855072463768116,8.845329284667969e-05,0.00015146252646246666,0.00016584992408752441
RQ3c (6^3 window),RQ3,TC,small,27,0.019182928141719627,0.028439718431327532,0.009256790289607904,0.006906596698147782,0.011633455663599945,1.0,1.4901161193847656e-08,1.9600758185753455e-07,1.1175870895385742e-07
RQ3c (6^3 window),RQ3,TC,medium,23,0.05895893056056275,0.0909127533876231,0.03195382282706035,0.02554990135202133,0.038656086186055844,1.0,2.384185791015625e-07,1.2740492820739746e-06,1.341104507446289e-06
RQ3c (6^3 window),RQ3,TC,large,23,0.1755513767356842,0.24499987088978364,0.06944849415409945,0.054105823455206745,0.08634680797838405,0.9927536231884058,4.76837158203125e-07,2.1457672119140625e-06,2.1457672119140625e-06
RQ3c (6^3 window),RQ3,WT,small,32,0.05682907016139984,0.0974072206531975,0.04057815049179766,0.03396114009452725,0.04773522782093113,1.0,4.656612873077393e-10,1.137544001851763e-08,5.238689482212067e-09
RQ3c (6^3 window),RQ3,WT,medium,21,0.13671154759037568,0.21949952703163012,0.08278797944125443,0.07183839801540336,0.09492612821499755,1.0,9.5367431640625e-07,3.261566162109375e-06,3.5762786865234375e-06
RQ3c (6^3 window),RQ3,WT,large,20,0.2808702663321127,0.43716023483481814,0.15628996850270543,0.1316975377448713,0.1807203834798772,1.0,1.9073486328125e-06,5.177089146205357e-06,6.130763462611607e-06
RQ4 (scale-matched),RQ4,ET,small,21,0.009954052583732463,0.004869272501007127,-0.005084780082725336,-0.007393672440286297,-0.002954194608554307,-1.0,9.5367431640625e-07,3.261566162109375e-06,1.430511474609375e-06
RQ4 (scale-matched),RQ4,ET,medium,23,0.03742924981534332,0.018097861838196786,-0.019331387977146532,-0.025026887792338408,-0.01484824897995264,-1.0,2.384185791015625e-07,1.2740492820739746e-06,4.291534423828125e-07
RQ4 (scale-matched),RQ4,ET,large,23,0.14884564587032542,0.06405900464213353,-0.08478664122819189,-0.10798487627097168,-0.06269607151876222,-1.0,2.384185791015625e-07,1.2740492820739746e-06,4.291534423828125e-07
RQ4 (scale-matched),RQ4,TC,small,27,0.019182928141719627,0.012427430522750239,-0.006755497618969389,-0.008758435684273059,-0.0048223612029907525,-1.0,1.4901161193847656e-08,1.9600758185753455e-07,1.341104507446289e-07
RQ4 (scale-matched),RQ4,TC,medium,23,0.05895893056056275,0.03577259282563723,-0.023186337734925518,-0.031001505244444838,-0.016626839034933043,-1.0,2.384185791015625e-07,1.2740492820739746e-06,4.291534423828125e-07
RQ4 (scale-matched),RQ4,TC,large,23,0.1755513767356842,0.09822552585102191,-0.07732585088466228,-0.09572642313683055,-0.05945843957210477,-1.0,2.384185791015625e-07,1.2740492820739746e-06,4.291534423828125e-07
RQ4 (scale-matched),RQ4,WT,small,32,0.05682907016139984,0.04761951804438497,-0.009209552117014873,-0.013091269402242733,-0.005572155896957321,-0.7992424242424242,2.0234379917383194e-05,4.219608494966495e-05,2.2763677407056093e-05
RQ4 (scale-matched),RQ4,WT,medium,21,0.13671154759037568,0.10574411647794141,-0.030967431112434274,-0.042014141330776064,-0.02036101776459018,-0.9307359307359307,2.384185791015625e-05,4.796420826631434e-05,2.384185791015625e-05
RQ4 (scale-matched),RQ4,WT,large,20,0.2808702663321127,0.17765364215805426,-0.10321662417405844,-0.12479145836393028,-0.08003477040734405,-1.0,1.9073486328125e-06,5.177089146205357e-06,2.452305385044643e-06
RQ6 (uniformity fix),RQ6,ET,small,21,0.009954052583732463,0.0054716295483458995,-0.004482423035386564,-0.006635094514453778,-0.0025377358723768758,-1.0,9.5367431640625e-07,3.261566162109375e-06,2.86102294921875e-06
RQ6 (uniformity fix),RQ6,ET,medium,23,0.03742924981534332,0.020165438693685905,-0.017263811121657414,-0.02325522302251496,-0.012336327341706315,-1.0,2.384185791015625e-07,1.2740492820739746e-06,1.0728836059570312e-06
RQ6 (uniformity fix),RQ6,ET,large,23,0.14884564587032542,0.070451353614273,-0.07839429225605242,-0.10073636206799877,-0.05668376525846993,-1.0,2.384185791015625e-07,1.2740492820739746e-06,1.0728836059570312e-06
RQ6 (uniformity fix),RQ6,TC,small,27,0.019182928141719627,0.01631832152301536,-0.002864606618704267,-0.004792495386825279,-0.0011025455682800909,-0.5555555555555556,0.010378450155258179,0.013757480438365492,0.013343721628189089
RQ6 (uniformity fix),RQ6,TC,medium,23,0.05895893056056275,0.04617594906917126,-0.012782981491391489,-0.018755940622140567,-0.0070069519528020855,-0.7898550724637681,0.00040793418884277344,0.0006284391557848132,0.0006119012832641602
RQ6 (uniformity fix),RQ6,TC,large,23,0.1755513767356842,0.12005127864183891,-0.055500098093845276,-0.07427998761766547,-0.037166453350279786,-0.9347826086956522,7.867813110351562e-06,1.8430082765344072e-05,1.7702579498291016e-05
RQ6 (uniformity fix),RQ6,WT,small,32,0.05682907016139984,0.06054459897368193,0.0037155288122820915,0.00028455772157330085,0.007388948332444324,0.32954545454545453,0.10643770126625896,0.1213389794435352,0.11974241392454132
RQ6 (uniformity fix),RQ6,WT,medium,21,0.13671154759037568,0.13683045293637827,0.00011890534600259017,-0.010800047890401647,0.009940664238630437,0.12554112554112554,0.6332969665527344,0.6407916052101632,0.6332969665527344
RQ6 (uniformity fix),RQ6,WT,large,20,0.2808702663321127,0.2254877607784199,-0.05538250555369281,-0.07498247248855269,-0.036908963514776114,-0.9428571428571428,2.6702880859375e-05,5.130553513430477e-05,4.8065185546875e-05
RQ5 (naturalistic text),RQ5,ET,small,21,0.009954052583732463,0.009144345554417293,-0.0008097070293151699,-0.001716495660084816,5.162332316524017e-05,-0.45714285714285713,0.07313806917102693,0.08507897842343949,0.23335303517505512
RQ5 (naturalistic text),RQ5,ET,medium,23,0.03742924981534332,0.034448565758711254,-0.0029806840566320644,-0.009835909424563492,0.002038624572762815,-0.3438735177865613,0.15787466009725704,0.17644814952046375,0.2841743881750627
RQ5 (naturalistic text),RQ5,ET,large,23,0.14884564587032542,0.1479338915266579,-0.0009117543436675257,-0.0169002697750581,0.016828751062006674,-0.13043478260869565,0.5921774964028619,0.6063613885322717,0.5921774964028619
RQ5 (naturalistic text),RQ5,TC,small,27,0.019182928141719627,0.01986343377269952,0.0006805056309798913,-0.0007153755330528326,0.0020262683517458056,0.21937321937321938,0.3281623065662794,0.3507234651427112,0.36918259488706434
RQ5 (naturalistic text),RQ5,TC,medium,23,0.05895893056056275,0.0642828561195674,0.005323925559004648,-0.00013127991383340772,0.012646104968218755,0.2964426877470356,0.22342853015648512,0.24809271855038284,0.2963733673095703
RQ5 (naturalistic text),RQ5,TC,large,23,0.1755513767356842,0.19141406651894738,0.01586268978326319,0.00529091887483655,0.025758161760930584,0.6739130434782609,0.0034525394439697266,0.00491986870765686,0.03107285499572754
RQ5 (naturalistic text),RQ5,WT,small,32,0.05682907016139984,0.05860932282377945,0.0017802526623796125,-0.000828154786821665,0.004210236681735727,0.3629032258064516,0.0777843450583517,0.0898724527363388,0.23335303517505512
RQ5 (naturalistic text),RQ5,WT,medium,21,0.13671154759037568,0.14185777622355683,0.005146228633181149,-0.0012360728532854472,0.01151847342071991,0.3939393939393939,0.11934185028076172,0.13425958156585693,0.26851916313171387
RQ5 (naturalistic text),RQ5,WT,large,20,0.2808702663321127,0.29005374452010074,0.009183478187988037,-0.005604313831823724,0.0237443475967731,0.3142857142857143,0.2305126190185547,0.25430747001401843,0.2963733673095703
RQ7 (BERT-base),RQ7,ET,small,21,0.009954052583732463,0.011372041525710506,0.0014179889419780427,0.0002102725713303662,0.0029679087688129165,0.6842105263157895,0.008903385115881386,0.012074484305813179,0.012913343215480199
RQ7 (BERT-base),RQ7,ET,medium,23,0.03742924981534332,0.039961421972982296,0.0025321721576389775,-0.0007679744849367175,0.00576837938536595,0.4025974025974026,0.10604443846627067,0.1213389794435352,0.12725332615952478
RQ7 (BERT-base),RQ7,ET,large,23,0.14884564587032542,0.15786429928701234,0.009018653416686923,-0.0023750241397378466,0.02190476323446382,0.26811594202898553,0.2725830078125,0.2931553102889151,0.3165480090725807
RQ7 (BERT-base),RQ7,TC,small,27,0.019182928141719627,0.021707437911728373,0.0025245097700087454,0.0005611070596238428,0.004706433820834101,0.48148148148148145,0.028018027544021606,0.034971406642537915,0.03602317827088493
RQ7 (BERT-base),RQ7,TC,medium,23,0.05895893056056275,0.062140813122134334,0.003181882561571585,-0.0015941343978388316,0.008341829721566298,0.18840579710144928,0.44520044326782227,0.46420290121218055,0.48567321083762427
RQ7 (BERT-base),RQ7,TC,large,23,0.1755513767356842,0.1928402825572305,0.017288905821546324,0.00729765142622001,0.02780745593519867,0.6884057971014492,0.002726316452026367,0.003950848417767023,0.004267277924910836
RQ7 (BERT-base),RQ7,WT,small,32,0.05682907016139984,0.07029966152497319,0.013470591363573349,0.008585057073820327,0.018526139538138402,0.8371212121212122,5.974899977445602e-06,1.4190387446433306e-05,1.654587686061859e-05
RQ7 (BERT-base),RQ7,WT,medium,21,0.13671154759037568,0.17438915077966563,0.03767760318928995,0.023254503471039526,0.05340519591900319,0.9428571428571428,0.00021907963048002185,0.0003436937322209517,0.00039434333486403935
RQ7 (BERT-base),RQ7,WT,large,20,0.2808702663321127,0.33846976924396804,0.05759950291185534,0.039144804649831694,0.0791669679895079,0.9714285714285714,9.5367431640625e-06,2.1743774414062497e-05,2.452305385044643e-05
RQ7 (random-init BERT),RQ7,ET,small,21,0.009954052583732463,0.015657004045129434,0.0057029514613969705,0.0017284592258702174,0.009498316286274632,0.7229437229437229,0.0024824142456054688,0.0036281438974233773,0.004062132401899858
RQ7 (random-init BERT),RQ7,ET,medium,23,0.03742924981534332,0.08456490498290653,0.04713565516756321,0.03130406731435301,0.06537663929904,0.9782608695652174,1.1920928955078125e-06,3.7749608357747393e-06,6.130763462611607e-06
RQ7 (random-init BERT),RQ7,ET,large,23,0.14884564587032542,0.22543388844438403,0.07658824257405861,0.058672019637714914,0.09540110435731142,1.0,2.384185791015625e-07,1.2740492820739746e-06,2.86102294921875e-06
RQ7 (random-init BERT),RQ7,TC,small,27,0.019182928141719627,0.03334513318784537,0.014162205046125743,0.0074342745858798345,0.02320377355752652,1.0,1.4901161193847656e-08,1.9600758185753455e-07,5.364418029785156e-07
RQ7 (random-init BERT),RQ7,TC,medium,23,0.05895893056056275,0.09466124441600074,0.03570231385543799,0.02469628689131827,0.0472030516456035,0.9782608695652174,1.1920928955078125e-06,3.7749608357747393e-06,6.130763462611607e-06
RQ7 (random-init BERT),RQ7,TC,large,23,0.1755513767356842,0.24338059714515045,0.06782922040946626,0.05408977697054033,0.08244574681812393,1.0,2.384185791015625e-07,1.2740492820739746e-06,2.86102294921875e-06
RQ7 (random-init BERT),RQ7,WT,small,32,0.05682907016139984,0.06734902187580732,0.010519951714407484,0.007407673450563443,0.01400082822232497,1.0,1.1741945398998534e-06,3.7749608357747393e-06,6.130763462611607e-06
RQ7 (random-init BERT),RQ7,WT,medium,21,0.13671154759037568,0.1735281456069538,0.036816598016578106,0.022972776224392828,0.052491545178140656,1.0,9.5367431640625e-07,3.261566162109375e-06,6.130763462611607e-06
RQ7 (random-init BERT),RQ7,WT,large,20,0.2808702663321127,0.34206750996990676,0.06119724363779405,0.04113760407774169,0.08581064581862974,1.0,1.9073486328125e-06,5.177089146205357e-06,6.242231889204546e-06
RQ7 (random orthonormal),RQ7,ET,small,21,0.009954052583732463,0.008186418358109796,-0.001767634225622667,-0.002904264772559796,-0.0007222802476858912,-0.6666666666666666,0.008967599455194583,0.012074484305813179,0.012913343215480199
RQ7 (random orthonormal),RQ7,ET,medium,23,0.03742924981534332,0.028666966060972382,-0.008762283754370936,-0.014855843550001333,-0.004397095905654134,-0.8623188405797102,7.319450378417969e-05,0.00012903360976386315,0.00014638900756835938
RQ7 (random orthonormal),RQ7,ET,large,23,0.14884564587032542,0.1243336465731201,-0.024511999297205322,-0.036004886529734555,-0.014583570090658568,-0.927536231884058,1.0251998901367188e-05,2.3066997528076172e-05,2.460479736328125e-05
RQ7 (random orthonormal),RQ7,TC,small,27,0.019182928141719627,0.017232509381910597,-0.0019504187598090306,-0.003657872311012563,-0.0004071992450399383,-0.5066666666666667,0.029898791101543674,0.037048502017130204,0.037115740677778356
RQ7 (random orthonormal),RQ7,TC,medium,23,0.05895893056056275,0.05044689435852853,-0.008512036202034216,-0.011392867470270527,-0.005775299865052338,-0.9057971014492754,2.09808349609375e-05,4.2710985456194195e-05,4.7206878662109375e-05
RQ7 (random orthonormal),RQ7,TC,large,23,0.1755513767356842,0.17266579704942292,-0.0028855796862612693,-0.010416604530064237,0.00514723899806899,-0.17786561264822134,0.4650985871802594,0.47910758077002624,0.4924573276026276
RQ7 (random orthonormal),RQ7,WT,small,32,0.05682907016139984,0.047543724969274476,-0.009285345192125365,-0.012132198396439104,-0.006644166257122721,-0.9475806451612904,4.120932324461698e-06,1.0517603395267915e-05,1.2362796973385095e-05
RQ7 (random orthonormal),RQ7,WT,medium,21,0.13671154759037568,0.1098748813489417,-0.02683666624143398,-0.036307840813248615,-0.01888051470041127,-0.9913419913419913,1.9073486328125e-06,5.177089146205357e-06,6.242231889204546e-06
RQ7 (random orthonormal),RQ7,WT,large,20,0.2808702663321127,0.23112325914103743,-0.049747007191075276,-0.06531343893083041,-0.03358184764431257,-0.9047619047619048,8.20159912109375e-05,0.00014310953568439096,0.00015539872018914474
"RQ7 (random, PubMedBERT geometry)",RQ7,ET,small,21,0.009954052583732463,0.008031157796470881,-0.001922894787261582,-0.003547821923920606,-0.0005208018030950893,-0.6190476190476191,0.015240061183200121,0.019742806532781973,0.021101623176738627
"RQ7 (random, PubMedBERT geometry)",RQ7,ET,medium,23,0.03742924981534332,0.03627499138382097,-0.0011542584315223509,-0.007027566980878054,0.004432099504038051,-0.09090909090909091,0.7088842633568615,0.7130541707883724,0.7088842633568615
"RQ7 (random, PubMedBERT geometry)",RQ7,ET,large,23,0.14884564587032542,0.14636424888768582,-0.0024813969826396054,-0.015653084759402268,0.012809361494759147,-0.22077922077922077,0.37544507472938493,0.3987646445883529,0.42237570907055805
"RQ7 (random, PubMedBERT geometry)",RQ7,TC,small,27,0.019182928141719627,0.02023789721731596,0.001054969075596334,-0.0006767817897882686,0.002909135297345803,0.1111111111111111,0.6204162095825689,0.6314950704679719,0.6381423869992137
"RQ7 (random, PubMedBERT geometry)",RQ7,TC,medium,23,0.05895893056056275,0.06281986682991668,0.0038609362693539304,0.0008226633341660905,0.007050945238679798,0.5362318840579711,0.02332472801208496,0.029327415368136236,0.031099637349446613
"RQ7 (random, PubMedBERT geometry)",RQ7,TC,large,23,0.1755513767356842,0.1954757262776635,0.019924349541979303,0.010044539155484106,0.03014728081940039,0.7681159420289855,0.0006387233734130859,0.0009580850601196289,0.001094954354422433
"RQ7 (random, PubMedBERT geometry)",RQ7,WT,small,32,0.05682907016139984,0.04820787237683281,-0.008621197784567033,-0.011986542353925366,-0.005544956021784866,-0.875,1.4957040548324585e-06,4.650279879570007e-06,6.242231889204546e-06
"RQ7 (random, PubMedBERT geometry)",RQ7,WT,medium,21,0.13671154759037568,0.1118235179523766,-0.024888029637999076,-0.036846636952251724,-0.014422866617011976,-0.8961038961038961,6.67572021484375e-05,0.0001189112663269043,0.00014136819278492648
"RQ7 (random, PubMedBERT geometry)",RQ7,WT,large,20,0.2808702663321127,0.22200375032601558,-0.05886651600609713,-0.07350360373569047,-0.04546204633398997,-1.0,1.9073486328125e-06,5.177089146205357e-06,6.242231889204546e-06
RQ8 (negated text),RQ8,ET,small,21,0.009954052583732463,0.007379488691834509,-0.002574563891897954,-0.005004912378413024,-0.0005477701327480305,-0.5064935064935064,0.042079925537109375,0.04996991157531738,0.04590537331321022
RQ8 (negated text),RQ8,ET,medium,23,0.03742924981534332,0.02488931184548484,-0.01253993796985848,-0.018988519638417186,-0.00690062944748406,-0.8188405797101449,0.0002148151397705078,0.000340123971303304,0.00026666707005994076
RQ8 (negated text),RQ8,ET,large,23,0.14884564587032542,0.10640814112219094,-0.042437504748134486,-0.07474949762649834,-0.017422110645006858,-0.7681159420289855,0.0006387233734130859,0.0009580850601196289,0.0007664680480957031
RQ8 (negated text),RQ8,TC,small,27,0.019182928141719627,0.01576943957260664,-0.0034134885691129886,-0.005709700184140127,-0.001604399558339602,-0.7883597883597884,0.0001253187656402588,0.00021216012899158068,0.00016709168752034503
RQ8 (negated text),RQ8,TC,medium,23,0.05895893056056275,0.04939065856639653,-0.009568271994166218,-0.012997081505935258,-0.0063479590700446075,-0.9130434782608695,1.6689300537109375e-05,3.612494166893295e-05,3.0040740966796875e-05
RQ8 (negated text),RQ8,TC,large,23,0.1755513767356842,0.14445367901208367,-0.03109769772360052,-0.045349923496759106,-0.019093930004263217,-0.9782608695652174,1.1920928955078125e-06,3.7749608357747393e-06,2.682209014892578e-06
RQ8 (negated text),RQ8,WT,small,32,0.05682907016139984,0.04184750647361013,-0.01498156368778971,-0.018866512388304644,-0.011361077556534717,-1.0,4.656612873077393e-10,1.137544001851763e-08,1.6763806343078613e-08
RQ8 (negated text),RQ8,WT,medium,21,0.13671154759037568,0.09237910213306441,-0.04433244545731127,-0.05593397868031831,-0.03311303114889094,-1.0,9.5367431640625e-07,3.261566162109375e-06,2.288818359375e-06
RQ8 (negated text),RQ8,WT,large,20,0.2808702663321127,0.1748946888788273,-0.1059755774532854,-0.12110486276699656,-0.09014870427878569,-1.0,1.9073486328125e-06,5.177089146205357e-06,4.039091222426471e-06
RQ8 (shuffled word order),RQ8,ET,small,21,0.009954052583732463,0.00792545373104789,-0.0020285988526845735,-0.0031083489379547264,-0.0011081123357692111,-1.0,9.5367431640625e-07,3.261566162109375e-06,2.288818359375e-06
RQ8 (shuffled word order),RQ8,ET,medium,23,0.03742924981534332,0.029377456436633146,-0.008051793378710172,-0.013062037757407543,-0.004774440821481984,-0.9927536231884058,4.76837158203125e-07,2.1457672119140625e-06,1.71661376953125e-06
RQ8 (shuffled word order),RQ8,ET,large,23,0.14884564587032542,0.12566888232438947,-0.023176763545935952,-0.03133986639856211,-0.015383324941509152,-0.9927536231884058,4.76837158203125e-07,2.1457672119140625e-06,1.71661376953125e-06
RQ8 (shuffled word order),RQ8,TC,small,27,0.019182928141719627,0.017691967639313782,-0.0014909605024058456,-0.002138277012298489,-0.0009140335455410542,-0.8994708994708994,4.5746564865112305e-06,1.1337192162223484e-05,8.667770184968646e-06
RQ8 (shuffled word order),RQ8,TC,medium,23,0.05895893056056275,0.05398009730208221,-0.0049788332584805375,-0.006805178907639323,-0.0033315922344218383,-0.9920948616600791,4.61253801792603e-05,8.573304359405991e-05,6.918807026889045e-05
RQ8 (shuffled word order),RQ8,TC,large,23,0.1755513767356842,0.16062729644513,-0.014924080290554198,-0.02195194486802311,-0.008591127820028861,-1.0,8.857457687863547e-05,0.00015146252646246666,0.0001226417218319568
RQ8 (shuffled word order),RQ8,WT,small,32,0.05682907016139984,0.05584203357323464,-0.0009870365881652007,-0.0016791423594287732,-0.0002969956035024273,-0.6182336182336182,0.005857017224621497,0.008209425782051442,0.0065891443776991835
RQ8 (shuffled word order),RQ8,WT,medium,21,0.13671154759037568,0.1350260861825584,-0.0016854614078172792,-0.004135234745534792,0.00042317158184831125,-0.2982456140350877,0.2667689558251569,0.28871830029178375,0.27439092599158993
RQ8 (shuffled word order),RQ8,WT,large,20,0.2808702663321127,0.280855095015777,-1.517131633571589e-05,-0.0028823794976910433,0.002945408789685817,-0.058823529411764705,0.836138661741041,0.836138661741041,0.836138661741041
RQ8 (swapped referent),RQ8,ET,small,21,0.009954052583732463,0.007928193858430986,-0.002025858725301477,-0.0029929737612097206,-0.0011695735754000275,-1.0,9.5367431640625e-07,3.261566162109375e-06,2.288818359375e-06
RQ8 (swapped referent),RQ8,ET,medium,23,0.03742924981534332,0.027909139842290268,-0.00952010997305305,-0.014369758114709887,-0.006285691158433702,-1.0,2.384185791015625e-07,1.2740492820739746e-06,1.2261526925223215e-06
RQ8 (swapped referent),RQ8,ET,large,23,0.14884564587032542,0.11397624969325301,-0.03486939617707241,-0.04608187932651374,-0.024720050911138915,-1.0,2.384185791015625e-07,1.2740492820739746e-06,1.2261526925223215e-06
RQ8 (swapped referent),RQ8,TC,small,27,0.019182928141719627,0.017086351405105896,-0.002096576736613731,-0.002949396478787373,-0.0013180366885599693,-1.0,1.4901161193847656e-08,1.9600758185753455e-07,1.7881393432617188e-07
RQ8 (swapped referent),RQ8,TC,medium,23,0.05895893056056275,0.053117092183506964,-0.005841838377055784,-0.007814901667878793,-0.0040577416152639476,-1.0,4.009964816469138e-05,7.535208611167281e-05,6.276466669256042e-05
RQ8 (swapped referent),RQ8,TC,large,23,0.1755513767356842,0.15645354708901135,-0.019097829646672837,-0.02763509650950886,-0.01168208525993921,-1.0,2.384185791015625e-07,1.2740492820739746e-06,1.2261526925223215e-06
RQ8 (swapped referent),RQ8,WT,small,32,0.05682907016139984,0.07000342068661206,0.013174350525212215,0.010359326634833296,0.01609640071724771,0.9886363636363636,2.3283064365386963e-09,4.976755008101463e-08,4.190951585769653e-08
RQ8 (swapped referent),RQ8,WT,medium,21,0.13671154759037568,0.16558421048511218,0.0288726628947365,0.019486911804442057,0.039648412263689065,0.9826839826839827,2.86102294921875e-06,7.644295692443848e-06,5.7220458984375e-06
RQ8 (swapped referent),RQ8,WT,large,20,0.2808702663321127,0.34879531786091345,0.06792505152880074,0.0448083591367857,0.0925357733592082,0.9428571428571428,2.6702880859375e-05,5.130553513430477e-05,4.57763671875e-05
RQ8 (generic filler),RQ8,ET,small,21,0.009954052583732463,0.007193590148655287,-0.0027604624350771765,-0.004044166108694042,-0.0015870135911062971,-1.0,9.5367431640625e-07,3.261566162109375e-06,2.288818359375e-06
RQ8 (generic filler),RQ8,ET,medium,23,0.03742924981534332,0.026727231929844077,-0.010702017885499241,-0.016313501092642804,-0.006985661001578845,-1.0,2.384185791015625e-07,1.2740492820739746e-06,1.2261526925223215e-06
RQ8 (generic filler),RQ8,ET,large,23,0.14884564587032542,0.10958599619573482,-0.0392596496745906,-0.052201022759997384,-0.02762622733397264,-0.9927536231884058,4.76837158203125e-07,2.1457672119140625e-06,1.71661376953125e-06
RQ8 (generic filler),RQ8,TC,small,27,0.019182928141719627,0.017180567777461138,-0.0020023603642584896,-0.00310298852264305,-0.001036741019043285,-0.8148148148148148,6.331503391265869e-05,0.00011396706104278564,9.117364883422851e-05
RQ8 (generic filler),RQ8,TC,medium,23,0.05895893056056275,0.05520397486539072,-0.0037549556951720284,-0.00630202843005197,-0.0015024502383189347,-0.7101449275362319,0.0018849372863769531,0.0027786575514694737,0.002188959429340978
RQ8 (generic filler),RQ8,TC,large,23,0.1755513767356842,0.17055846482848097,-0.004992911907203218,-0.012269238956926986,0.0019264583744921836,-0.28063241106719367,0.24910310970315597,0.27131612585502973,0.2637562338033416
RQ8 (generic filler),RQ8,WT,small,32,0.05682907016139984,0.06378950855211053,0.006960438390710692,0.004621714079591555,0.00939051081031056,0.8863636363636364,9.476207196712494e-07,3.261566162109375e-06,2.288818359375e-06
RQ8 (generic filler),RQ8,WT,medium,21,0.13671154759037568,0.15163831956513027,0.014926771974754588,0.009778199656516913,0.020252256439891193,0.922077922077922,3.147125244140625e-05,5.979537963867187e-05,5.14984130859375e-05
RQ8 (generic filler),RQ8,WT,large,20,0.2808702663321127,0.3156903896824075,0.034820123350294774,0.01962959634276258,0.050652740164277184,0.8761904761904762,0.0001678466796875,0.00027077153043926884,0.0002158028738839286
"RQ12 (8^3 window, pct99)",RQ12,ET,small,21,0.009954052583732463,0.03809597792265823,0.028141925338925768,0.017360049207158043,0.039206358677239934,0.9393939393939394,1.811981201171875e-05,3.873109817504883e-05,2.7179718017578125e-05
"RQ12 (8^3 window, pct99)",RQ12,ET,medium,23,0.03742924981534332,0.15060565173892793,0.11317640192358461,0.09583519330861533,0.13290173730643579,1.0,2.384185791015625e-07,1.2740492820739746e-06,8.58306884765625e-07
"RQ12 (8^3 window, pct99)",RQ12,ET,large,23,0.14884564587032542,0.3810635976791213,0.23221795180879587,0.20389156403405478,0.260382379314461,1.0,2.384185791015625e-07,1.2740492820739746e-06,8.58306884765625e-07
"RQ12 (8^3 window, pct99)",RQ12,TC,small,27,0.019182928141719627,0.06070179067794993,0.0415188625362303,0.02639817542337288,0.05758259485159855,0.8994708994708994,4.5746564865112305e-06,1.1337192162223484e-05,8.234381675720215e-06
"RQ12 (8^3 window, pct99)",RQ12,TC,medium,23,0.05895893056056275,0.18201007469185485,0.12305114413129209,0.07406457451520365,0.17648833948930523,0.8985507246376812,2.6226043701171875e-05,5.130553513430477e-05,3.631298358623798e-05
"RQ12 (8^3 window, pct99)",RQ12,TC,large,23,0.1755513767356842,0.27972289574646625,0.10417151901078206,0.04142752935985764,0.16820644470257298,0.6304347826086957,0.006710529327392578,0.009254036411162346,0.008052635192871093
"RQ12 (8^3 window, pct99)",RQ12,WT,small,32,0.05682907016139984,0.3179754613149387,0.2611463911535389,0.2193532721830234,0.3052725646983609,1.0,4.656612873077393e-10,1.137544001851763e-08,4.190951585769653e-09
"RQ12 (8^3 window, pct99)",RQ12,WT,medium,21,0.13671154759037568,0.4586201830901534,0.3219086354997777,0.2775903295387224,0.36633721143408954,1.0,9.5367431640625e-07,3.261566162109375e-06,2.452305385044643e-06
"RQ12 (8^3 window, pct99)",RQ12,WT,large,20,0.2808702663321127,0.4871634934325,0.20629322710038728,0.16546082678461202,0.2466093027663044,0.9904761904761905,3.814697265625e-06,9.883533824573863e-06,7.62939453125e-06
"RQ12 (8^3 window, oracle)",RQ12,ET,small,21,0.009954052583732463,0.061572412480284854,0.05161835989655239,0.02441523025463925,0.08175949298410934,0.5238095238095238,0.035056114196777344,0.042818539483206616,0.037118238561293655
"RQ12 (8^3 window, oracle)",RQ12,ET,medium,23,0.03742924981534332,0.17507355381135667,0.13764430399601335,0.09662857140794331,0.17526600786027424,0.9420289855072463,5.9604644775390625e-06,1.4190387446433306e-05,9.753487326882103e-06
"RQ12 (8^3 window, oracle)",RQ12,ET,large,23,0.14884564587032542,0.4022310255855628,0.25338537971523734,0.21344404467868505,0.2949131463672741,1.0,2.384185791015625e-07,1.2740492820739746e-06,8.58306884765625e-07
"RQ12 (8^3 window, oracle)",RQ12,TC,small,27,0.019182928141719627,0.008605569310515905,-0.010577358831203722,-0.0199730902446795,0.002576753054995158,-0.7671957671957672,0.00020888447761535645,0.00033382472590865375,0.00026856575693402974
"RQ12 (8^3 window, oracle)",RQ12,TC,medium,23,0.05895893056056275,0.12080631708526034,0.06184738652469759,-0.0090051405133277,0.1474983051672736,0.18115942028985507,0.4633810520172119,0.47910758077002624,0.4633810520172119
"RQ12 (8^3 window, oracle)",RQ12,TC,large,23,0.1755513767356842,0.27303803962163053,0.09748666288594635,0.02947794417597479,0.16803990413524772,0.5362318840579711,0.02332472801208496,0.029327415368136236,0.02624031901359558
"RQ12 (8^3 window, oracle)",RQ12,WT,small,32,0.05682907016139984,0.31555001084374734,0.2587209406823475,0.21127334054107677,0.30714512221170764,1.0,4.656612873077393e-10,1.137544001851763e-08,4.190951585769653e-09
"RQ12 (8^3 window, oracle)",RQ12,WT,medium,21,0.13671154759037568,0.4679682804752887,0.33125673288491303,0.2847647425141361,0.3775378233448374,1.0,9.5367431640625e-07,3.261566162109375e-06,2.452305385044643e-06
"RQ12 (8^3 window, oracle)",RQ12,WT,large,20,0.2808702663321127,0.6353158178875847,0.354445551555472,0.3233415327579649,0.3869097840585011,1.0,1.9073486328125e-06,5.177089146205357e-06,4.291534423828125e-06
