patient_id,region,size_bin,dice,iou
BraTS20_Training_117,ET,medium,0.03352999591097366,0.017050855513306717
BraTS20_Training_270,ET,large,0.19462161440563389,0.10780101055744093
BraTS20_Training_160,ET,large,0.1636887474151161,0.08913997950222197
BraTS20_Training_332,ET,small,0.004124739370863742,0.0020666318442985002
BraTS20_Training_161,ET,medium,0.03456971734790148,0.017588879978614167
BraTS20_Training_168,ET,large,0.21862858906654284,0.12273049164518654
BraTS20_Training_207,ET,medium,0.0662113829243631,0.03423920398522718
BraTS20_Training_093,ET,medium,0.09117652031309988,0.04776582082281141
BraTS20_Training_075,ET,large,0.1138182861880829,0.06034322427930845
BraTS20_Training_350,ET,large,0.11172463546940774,0.059167554461624534
BraTS20_Training_029,ET,small,0.023738246018036487,0.012011691250010972
BraTS20_Training_083,ET,small,0.028659327894290036,0.014537988435898931
BraTS20_Training_119,ET,small,0.013780183841622048,0.0069378946527050645
BraTS20_Training_348,ET,large,0.0966331918093606,0.05076961066754186
BraTS20_Training_055,ET,small,0.025129457743036956,0.012724610148024174
BraTS20_Training_225,ET,large,0.3889884294098132,0.2414560121795457
BraTS20_Training_103,ET,large,0.08612877432128381,0.04500238739455418
BraTS20_Training_243,ET,medium,0.04428937986399483,0.022646182624357192
BraTS20_Training_352,ET,medium,0.021181646402048025,0.010704189378239224
BraTS20_Training_094,ET,small,0.003553982402750843,0.0017801545202950745
BraTS20_Training_254,ET,large,0.1540766053059558,0.08346858041283642
BraTS20_Training_138,ET,large,0.19164933263995151,0.10598018188570364
BraTS20_Training_027,ET,medium,0.06808518069027546,0.035242330567453475
BraTS20_Training_357,ET,medium,0.05286265308661255,0.027148908201268244
BraTS20_Training_079,ET,small,0.0023846428997255768,0.0011937447773665041
BraTS20_Training_302,ET,small,0.007052216564808788,0.0035385857188155075
BraTS20_Training_196,ET,large,0.17654312323931304,0.09681782195635812
BraTS20_Training_070,ET,medium,0.03394375163839015,0.017264893446805898
BraTS20_Training_165,ET,large,0.156030465155217,0.08461661768633881
BraTS20_Training_288,ET,medium,0.0470604115791899,0.024097218295033893
BraTS20_Training_220,ET,medium,0.04580568430646538,0.023439677384492416
BraTS20_Training_081,ET,small,0.027130066261971262,0.013751573683606948
BraTS20_Training_218,ET,large,0.23866818794728775,0.13550438725633204
BraTS20_Training_211,ET,medium,0.05522494962814831,0.028396574512609563
BraTS20_Training_280,ET,small,0.0022959525033627746,0.001149295615754435
BraTS20_Training_037,ET,medium,0.05801486111341506,0.02987399849345769
BraTS20_Training_234,ET,medium,0.04395805501161686,0.022472961341265064
BraTS20_Training_106,ET,large,0.12986624704955704,0.06944222403593954
BraTS20_Training_368,ET,medium,0.05264361919682414,0.027033377000624605
BraTS20_Training_059,ET,small,0.004491504022511229,0.0022508067650752303
BraTS20_Training_177,ET,small,0.002589184639052417,0.0012962704613094483
BraTS20_Training_014,ET,medium,0.06154602131383699,0.03175005545169114
BraTS20_Training_191,ET,large,0.27979678391053997,0.16265333147475583
BraTS20_Training_066,ET,small,0.03129786793624249,0.01589771628043774
BraTS20_Training_256,ET,large,0.2830726662279797,0.16487166384967525
BraTS20_Training_315,ET,small,0.00040449406858263846,0.0002022879464285573
BraTS20_Training_217,ET,small,0.020652094207679494,0.0104337868786198
BraTS20_Training_069,ET,medium,0.06105451600528016,0.03148851605641452
BraTS20_Training_023,ET,medium,0.03274990158374218,0.016647553663922864
BraTS20_Training_084,ET,medium,0.06597098666842661,0.0341106499507908
BraTS20_Training_197,ET,large,0.28353218597117713,0.16518351445558538
BraTS20_Training_232,ET,medium,0.02262803381042454,0.011443488730159905
BraTS20_Training_108,ET,small,0.025514192713883874,0.012921942826701057
BraTS20_Training_252,ET,large,0.1604809076817637,0.08724068608579603
BraTS20_Training_202,ET,large,0.0819235170377014,0.04271128798324966
BraTS20_Training_258,ET,large,0.09711379131251209,0.051034996664091725
BraTS20_Training_327,ET,medium,0.039817472584085634,0.020313145345998235
BraTS20_Training_195,ET,medium,0.039711331298840795,0.020257899733283968
BraTS20_Training_338,ET,large,0.18241250237177803,0.10035968150628728
BraTS20_Training_102,ET,small,0.021117265127469653,0.010671306973037956
BraTS20_Training_003,ET,small,0.011892788453054198,0.005981965350752096
BraTS20_Training_298,ET,small,0.0002671653753673354,0.0001336005344021291
BraTS20_Training_346,ET,large,0.058022601174931764,0.029878103220993456
BraTS20_Training_061,ET,small,0.020238959997994452,0.010222930742173788
BraTS20_Training_221,ET,large,0.23132923699150415,0.1307927070598571
BraTS20_Training_295,ET,small,0.0019598067699288318,0.0009808645374448496
BraTS20_Training_039,ET,medium,0.05203636030496524,0.026713209243018437
BraTS20_Training_117,TC,small,0.035964084319560254,0.018311317034699185
BraTS20_Training_270,TC,large,0.2039315796121468,0.11354332457340832
BraTS20_Training_160,TC,large,0.31419328397901014,0.18637562716596634
BraTS20_Training_297,TC,medium,0.05769388845505437,0.029703808329760956
BraTS20_Training_332,TC,small,0.004456530854288035,0.002233241682375311
BraTS20_Training_263,TC,small,0.01004529567878209,0.00504800217661667
BraTS20_Training_161,TC,medium,0.04806941905203437,0.02462660277021184
BraTS20_Training_168,TC,large,0.2468611941482899,0.1408109804678927
BraTS20_Training_207,TC,medium,0.06738683412684403,0.03486824746761911
BraTS20_Training_264,TC,small,0.0359572309079959,0.018307763697335
BraTS20_Training_093,TC,medium,0.10304130730820875,0.05431921512323116
BraTS20_Training_075,TC,large,0.34468499473099196,0.2082292455718884
BraTS20_Training_350,TC,medium,0.13120168489576314,0.07020644434198618
BraTS20_Training_029,TC,small,0.028574454190858595,0.014494310602600338
BraTS20_Training_083,TC,small,0.03760457473581843,0.01916258785140412
BraTS20_Training_119,TC,small,0.021383034672069843,0.01080706121840307
BraTS20_Training_348,TC,large,0.12085058727369885,0.06431132429132753
BraTS20_Training_055,TC,small,0.03729196295773375,0.019000259974444014
BraTS20_Training_225,TC,large,0.4031842270386837,0.2524926380774491
BraTS20_Training_103,TC,large,0.1042879116332156,0.055012526571512725
BraTS20_Training_243,TC,medium,0.058432673918461964,0.030095620756242596
BraTS20_Training_352,TC,small,0.019477838989312185,0.009834698834863011
BraTS20_Training_094,TC,small,0.003533784195454607,0.0017700195312498918
BraTS20_Training_254,TC,large,0.1554466390393283,0.08427332184001947
BraTS20_Training_138,TC,large,0.2771880139666772,0.1608927823893813
BraTS20_Training_027,TC,medium,0.08839754260504105,0.04624263913403053
BraTS20_Training_357,TC,medium,0.08073180899344166,0.04206384984221614
BraTS20_Training_079,TC,small,0.00769829189920462,0.0038640191231594048
BraTS20_Training_302,TC,large,0.20703310302154238,0.11546956241659483
BraTS20_Training_196,TC,medium,0.1801080929318295,0.09896636840480379
BraTS20_Training_070,TC,medium,0.09038965666437031,0.0473340841391136
BraTS20_Training_165,TC,medium,0.1551115336298378,0.08407637451114938
BraTS20_Training_288,TC,medium,0.08612475847274476,0.04500019468563581
BraTS20_Training_220,TC,medium,0.060053001936423364,0.03095600137342272
BraTS20_Training_081,TC,small,0.053570174822716164,0.027522273924176492
BraTS20_Training_218,TC,large,0.24091658064638674,0.13695574524539214
BraTS20_Training_211,TC,medium,0.0808269124119411,0.042115488662630825
BraTS20_Training_280,TC,small,0.0022839197773176856,0.0011432654519470558
BraTS20_Training_037,TC,medium,0.08103337840722503,0.042227612244743445
BraTS20_Training_234,TC,large,0.3414700779979823,0.20588719773339545
BraTS20_Training_106,TC,large,0.1666095755052458,0.0908751203667708
BraTS20_Training_368,TC,small,0.047143094166039394,0.02414057785043247
BraTS20_Training_059,TC,small,0.006517587902648579,0.0032694484100270526
BraTS20_Training_177,TC,small,0.0026395466190511875,0.001321517412935259
BraTS20_Training_014,TC,medium,0.08114261526522186,0.042286944256900716
BraTS20_Training_191,TC,large,0.2835209953343525,0.16517591800639558
BraTS20_Training_066,TC,small,0.050724792079485596,0.0260223861019598
BraTS20_Training_256,TC,large,0.3629077218734799,0.22167823202293133
BraTS20_Training_315,TC,medium,0.06226683930165231,0.032133856489926456
BraTS20_Training_217,TC,small,0.0281774684143376,0.014290063108102524
BraTS20_Training_069,TC,medium,0.12353518265315416,0.06583399886379
BraTS20_Training_023,TC,small,0.04926493292079365,0.02525454827372175
BraTS20_Training_084,TC,medium,0.08059643125208425,0.041990351880329006
BraTS20_Training_197,TC,large,0.33444407080183686,0.20080026430745312
BraTS20_Training_232,TC,small,0.036386132488677024,0.018530187166987507
BraTS20_Training_108,TC,small,0.020305402003173316,0.01025683558651902
BraTS20_Training_252,TC,large,0.23336688683276335,0.13209697310291044
BraTS20_Training_202,TC,medium,0.12174487466245658,0.06481807131529997
BraTS20_Training_258,TC,large,0.18185509453113932,0.10002233264473646
BraTS20_Training_304,TC,medium,0.06971496301698883,0.03611640855173992
BraTS20_Training_327,TC,large,0.2879711809983003,0.16820463405879993
BraTS20_Training_265,TC,medium,0.13271383538113385,0.07107311021512454
BraTS20_Training_195,TC,medium,0.05892148311231283,0.030355023045016825
BraTS20_Training_338,TC,large,0.1956588158716112,0.10843781519409636
BraTS20_Training_102,TC,small,0.037706436527119844,0.01921549213074253
BraTS20_Training_003,TC,small,0.014104372355429053,0.007102272727272155
BraTS20_Training_298,TC,small,0.03606090480884894,0.01836151889696921
BraTS20_Training_346,TC,large,0.12522495500899297,0.06679465642748283
BraTS20_Training_061,TC,small,0.044795218687354754,0.022910755495023423
BraTS20_Training_278,TC,large,0.1688832594468965,0.09222965183305788
BraTS20_Training_221,TC,large,0.25696333977415925,0.14742279702875852
BraTS20_Training_295,TC,small,0.03544041139145074,0.018039876009336188
BraTS20_Training_039,TC,small,0.06598796634360853,0.03411972893408188
BraTS20_Training_117,WT,medium,0.18193101950257387,0.10006827103600727
BraTS20_Training_270,WT,large,0.36699226398921797,0.2247339408726444
BraTS20_Training_160,WT,large,0.39457747265011756,0.2457779593397497
BraTS20_Training_297,WT,medium,0.15487800321338438,0.08393916688604504
BraTS20_Training_332,WT,small,0.09261674832929248,0.0485569684268581
BraTS20_Training_263,WT,small,0.06315866011660752,0.0326091037071782
BraTS20_Training_161,WT,small,0.11812687482451799,0.06277090269488961
BraTS20_Training_168,WT,large,0.36232027274073014,0.22124000603407926
BraTS20_Training_207,WT,small,0.13160730212247543,0.07043877995882772
BraTS20_Training_264,WT,small,0.051926741240554505,0.026655435573106748
BraTS20_Training_093,WT,medium,0.25270774761486303,0.14462820817176117
BraTS20_Training_075,WT,large,0.45086600334493004,0.2910439021533654
BraTS20_Training_350,WT,medium,0.2400517167073573,0.1363970288139664
BraTS20_Training_029,WT,small,0.203664637454026,0.11337784786765483
BraTS20_Training_083,WT,medium,0.22035733622088383,0.12382111347732552
BraTS20_Training_119,WT,small,0.07664585607834833,0.03985010057589816
BraTS20_Training_348,WT,medium,0.15613301035013677,0.08467693777618161
BraTS20_Training_055,WT,medium,0.2361111111111007,0.13385826771652873
BraTS20_Training_225,WT,large,0.5809680234049824,0.40941150938615317
BraTS20_Training_103,WT,small,0.10854104244179856,0.05738482561732174
BraTS20_Training_243,WT,large,0.38820534827257563,0.2408528579347999
BraTS20_Training_352,WT,small,0.09831563447144626,0.05169923897655878
BraTS20_Training_094,WT,small,0.05493654032935433,0.02824408635935027
BraTS20_Training_254,WT,large,0.3101536256550226,0.18353953966687955
BraTS20_Training_138,WT,large,0.5972900947606781,0.4258115612713037
BraTS20_Training_027,WT,medium,0.20400613430906933,0.11358954961162233
BraTS20_Training_357,WT,small,0.174367820057255,0.09551092600850379
BraTS20_Training_079,WT,small,0.01608369213251159,0.008107041647235587
BraTS20_Training_302,WT,medium,0.2104555826726361,0.11760288296556828
BraTS20_Training_196,WT,large,0.5046817507825454,0.337507919164807
BraTS20_Training_070,WT,small,0.13249391901558835,0.0709469813055427
BraTS20_Training_165,WT,large,0.4148432799080729,0.26170489936415575
BraTS20_Training_288,WT,medium,0.15363084909718572,0.08320700604322015
BraTS20_Training_220,WT,medium,0.22531798909750717,0.12696245733787792
BraTS20_Training_081,WT,small,0.08702155905835174,0.04549008875160981
BraTS20_Training_218,WT,medium,0.3161911661836517,0.18778329216090714
BraTS20_Training_211,WT,medium,0.1599154891893439,0.08690660034896577
BraTS20_Training_280,WT,small,0.09568625738336213,0.0502471075233032
BraTS20_Training_037,WT,large,0.4421027303996652,0.2837816966667403
BraTS20_Training_234,WT,large,0.39289653392155016,0.2444749465199468
BraTS20_Training_106,WT,medium,0.27076252822698665,0.15657914696318126
BraTS20_Training_368,WT,medium,0.18687501911255583,0.1030679192457482
BraTS20_Training_059,WT,small,0.07529565075744744,0.03912063210491485
BraTS20_Training_177,WT,small,0.02562210270936609,0.012977304266081159
BraTS20_Training_014,WT,medium,0.2030989166115709,0.11302732158666509
BraTS20_Training_191,WT,large,0.36616717960790174,0.22411545112677222
BraTS20_Training_066,WT,small,0.15823284810551969,0.08591360093633882
BraTS20_Training_256,WT,large,0.4446368198780755,0.28587330956569296
BraTS20_Training_315,WT,small,0.08351803563667516,0.04357882682419123
BraTS20_Training_217,WT,small,0.047718074718379216,0.02444220483754967
BraTS20_Training_069,WT,large,0.3922744213294531,0.2439933944783232
BraTS20_Training_023,WT,small,0.09349837245159684,0.04904185294183446
BraTS20_Training_084,WT,small,0.138774805308342,0.07456099654364085
BraTS20_Training_197,WT,large,0.5178644656364882,0.34940425732311986
BraTS20_Training_232,WT,medium,0.18175327746690487,0.09996073426916167
BraTS20_Training_108,WT,small,0.03991488876645516,0.020363854884513373
BraTS20_Training_252,WT,large,0.4970506932503049,0.33071687183198184
BraTS20_Training_202,WT,medium,0.21008428778834234,0.11737105068973207
BraTS20_Training_258,WT,medium,0.3182674527125936,0.18924974320438245
BraTS20_Training_304,WT,small,0.06589253253137708,0.03406870282012706
BraTS20_Training_327,WT,large,0.3208668847508681,0.19109079669556828
BraTS20_Training_265,WT,small,0.1590900267867453,0.08641923239139082
BraTS20_Training_195,WT,small,0.0847250635904663,0.04423650201850183
BraTS20_Training_338,WT,large,0.3656546821280598,0.22373159339678225
BraTS20_Training_102,WT,small,0.05250252695010168,0.02695897051300383
BraTS20_Training_003,WT,small,0.09271787845050863,0.048612566228631075
BraTS20_Training_298,WT,small,0.0986392059504699,0.05187821599097323
BraTS20_Training_346,WT,medium,0.13945967201537043,0.07495654349316665
BraTS20_Training_061,WT,small,0.0665265086072267,0.03440776866265929
BraTS20_Training_278,WT,medium,0.2880582756149816,0.1682640661839473
BraTS20_Training_221,WT,large,0.41314863676338853,0.260357489261447
BraTS20_Training_295,WT,small,0.07694997310381407,0.04001454565797843
BraTS20_Training_039,WT,small,0.168001365517818,0.0917038704918598
